﻿{"data":[{"Properties":{"domain":"REDBLUE.LAB","name":"WIN-8HQD9BBCKGH.REDBLUE.LAB","distinguishedname":"CN=WIN-8HQD9BBCKGH,OU=DOMAIN CONTROLLERS,DC=REDBLUE,DC=LAB","domainsid":"S-1-5-21-1334311049-3276625038-2870192795","highvalue":false,"samaccountname":"WIN-8HQD9BBCKGH$","haslaps":false,"description":null,"whencreated":1750739830,"enabled":true,"unconstraineddelegation":true,"trustedtoauth":false,"lastlogon":1751224513,"lastlogontimestamp":1750765070,"pwdlastset":1750765059,"serviceprincipalnames":["Dfsr-12F9A27C-BF97-4787-9364-D31B6C55EB04/WIN-8HQD9BBCKGH.redblue.lab","ldap/WIN-8HQD9BBCKGH.redblue.lab/ForestDnsZones.redblue.lab","ldap/WIN-8HQD9BBCKGH.redblue.lab/DomainDnsZones.redblue.lab","DNS/WIN-8HQD9BBCKGH.redblue.lab","GC/WIN-8HQD9BBCKGH.redblue.lab/redblue.lab","RestrictedKrbHost/WIN-8HQD9BBCKGH.redblue.lab","RestrictedKrbHost/WIN-8HQD9BBCKGH","RPC/484fdef9-fa2c-4024-b15d-f9b978f6c9fd._msdcs.redblue.lab","HOST/WIN-8HQD9BBCKGH/REDBLUE","HOST/WIN-8HQD9BBCKGH.redblue.lab/REDBLUE","HOST/WIN-8HQD9BBCKGH","HOST/WIN-8HQD9BBCKGH.redblue.lab","HOST/WIN-8HQD9BBCKGH.redblue.lab/redblue.lab","E3514235-4B06-11D1-AB04-00C04FC2DCD2/484fdef9-fa2c-4024-b15d-f9b978f6c9fd/redblue.lab","ldap/WIN-8HQD9BBCKGH/REDBLUE","ldap/484fdef9-fa2c-4024-b15d-f9b978f6c9fd._msdcs.redblue.lab","ldap/WIN-8HQD9BBCKGH.redblue.lab/REDBLUE","ldap/WIN-8HQD9BBCKGH","ldap/WIN-8HQD9BBCKGH.redblue.lab","ldap/WIN-8HQD9BBCKGH.redblue.lab/redblue.lab"],"operatingsystem":"Windows Server 2022 Standard Evaluation","sidhistory":[]},"PrimaryGroupSID":"S-1-5-21-1334311049-3276625038-2870192795-516","AllowedToDelegate":[],"AllowedToAct":[],"HasSIDHistory":[],"DumpSMSAPassword":[],"Sessions":{"Results":[],"Collected":true,"FailureReason":null},"PrivilegedSessions":{"Results":[{"UserSID":"S-1-5-21-1334311049-3276625038-2870192795-500","ComputerSID":"S-1-5-21-1334311049-3276625038-2870192795-1000"}],"Collected":true,"FailureReason":null},"RegistrySessions":{"Results":[{"UserSID":"S-1-5-21-1334311049-3276625038-2870192795-500","ComputerSID":"S-1-5-21-1334311049-3276625038-2870192795-1000"}],"Collected":true,"FailureReason":null},"LocalAdmins":{"Results":[{"ObjectIdentifier":"S-1-5-21-1334311049-3276625038-2870192795-500","ObjectType":"User"},{"ObjectIdentifier":"S-1-5-21-1334311049-3276625038-2870192795-519","ObjectType":"Group"},{"ObjectIdentifier":"S-1-5-21-1334311049-3276625038-2870192795-512","ObjectType":"Group"}],"Collected":true,"FailureReason":null},"RemoteDesktopUsers":{"Results":[],"Collected":true,"FailureReason":null},"DcomUsers":{"Results":[],"Collected":true,"FailureReason":null},"PSRemoteUsers":{"Results":[],"Collected":true,"FailureReason":null},"Status":null,"Aces":[{"PrincipalSID":"S-1-5-21-1334311049-3276625038-2870192795-512","PrincipalType":"Group","RightName":"Owns","IsInherited":false},{"PrincipalSID":"S-1-5-21-1334311049-3276625038-2870192795-512","PrincipalType":"Group","RightName":"GenericAll","IsInherited":false},{"PrincipalSID":"S-1-5-21-1334311049-3276625038-2870192795-526","PrincipalType":"Group","RightName":"AddKeyCredentialLink","IsInherited":true},{"PrincipalSID":"S-1-5-21-1334311049-3276625038-2870192795-527","PrincipalType":"Group","RightName":"AddKeyCredentialLink","IsInherited":true},{"PrincipalSID":"S-1-5-21-1334311049-3276625038-2870192795-519","PrincipalType":"Group","RightName":"GenericAll","IsInherited":true},{"PrincipalSID":"REDBLUE.LAB-S-1-5-32-544","PrincipalType":"Group","RightName":"WriteDacl","IsInherited":true},{"PrincipalSID":"REDBLUE.LAB-S-1-5-32-544","PrincipalType":"Group","RightName":"WriteOwner","IsInherited":true},{"PrincipalSID":"REDBLUE.LAB-S-1-5-32-544","PrincipalType":"Group","RightName":"GenericWrite","IsInherited":true}],"ObjectIdentifier":"S-1-5-21-1334311049-3276625038-2870192795-1000","IsDeleted":false,"IsACLProtected":false},{"Properties":{"domain":"REDBLUE.LAB","name":"DESKTOP-02ATVO6.REDBLUE.LAB","distinguishedname":"CN=DESKTOP-02ATVO6,CN=COMPUTERS,DC=REDBLUE,DC=LAB","domainsid":"S-1-5-21-1334311049-3276625038-2870192795","highvalue":false,"samaccountname":"DESKTOP-02ATVO6$","haslaps":false,"description":null,"whencreated":1750778398,"enabled":true,"unconstraineddelegation":false,"trustedtoauth":false,"lastlogon":1751233913,"lastlogontimestamp":1750803598,"pwdlastset":1750803598,"serviceprincipalnames":["RestrictedKrbHost/DESKTOP-02ATVO6","HOST/DESKTOP-02ATVO6","RestrictedKrbHost/DESKTOP-02ATVO6.redblue.lab","HOST/DESKTOP-02ATVO6.redblue.lab"],"operatingsystem":"Windows 10 Enterprise Evaluation","sidhistory":[]},"PrimaryGroupSID":"S-1-5-21-1334311049-3276625038-2870192795-515","AllowedToDelegate":[],"AllowedToAct":[],"HasSIDHistory":[],"DumpSMSAPassword":[],"Sessions":{"Results":[],"Collected":false,"FailureReason":"ERROR_ACCESS_DENIED"},"PrivilegedSessions":{"Results":[],"Collected":false,"FailureReason":"ERROR_ACCESS_DENIED"},"RegistrySessions":{"Results":[],"Collected":false,"FailureReason":"Attempted to perform an unauthorized operation."},"LocalAdmins":{"Results":[],"Collected":false,"FailureReason":"SAMRPCServerInit Failed"},"RemoteDesktopUsers":{"Results":[],"Collected":false,"FailureReason":"SAMRPCServerInit Failed"},"DcomUsers":{"Results":[],"Collected":false,"FailureReason":"SAMRPCServerInit Failed"},"PSRemoteUsers":{"Results":[],"Collected":false,"FailureReason":"SAMRPCServerInit Failed"},"Status":null,"Aces":[{"PrincipalSID":"S-1-5-21-1334311049-3276625038-2870192795-512","PrincipalType":"Group","RightName":"Owns","IsInherited":false},{"PrincipalSID":"REDBLUE.LAB-S-1-5-32-548","PrincipalType":"Group","RightName":"GenericAll","IsInherited":false},{"PrincipalSID":"S-1-5-21-1334311049-3276625038-2870192795-512","PrincipalType":"Group","RightName":"GenericAll","IsInherited":false},{"PrincipalSID":"S-1-5-21-1334311049-3276625038-2870192795-526","PrincipalType":"Group","RightName":"AddKeyCredentialLink","IsInherited":true},{"PrincipalSID":"S-1-5-21-1334311049-3276625038-2870192795-527","PrincipalType":"Group","RightName":"AddKeyCredentialLink","IsInherited":true},{"PrincipalSID":"S-1-5-21-1334311049-3276625038-2870192795-519","PrincipalType":"Group","RightName":"GenericAll","IsInherited":true},{"PrincipalSID":"REDBLUE.LAB-S-1-5-32-544","PrincipalType":"Group","RightName":"WriteDacl","IsInherited":true},{"PrincipalSID":"REDBLUE.LAB-S-1-5-32-544","PrincipalType":"Group","RightName":"WriteOwner","IsInherited":true},{"PrincipalSID":"REDBLUE.LAB-S-1-5-32-544","PrincipalType":"Group","RightName":"GenericWrite","IsInherited":true}],"ObjectIdentifier":"S-1-5-21-1334311049-3276625038-2870192795-1103","IsDeleted":false,"IsACLProtected":false}],"meta":{"methods":29695,"type":"computers","count":2,"version":5}}