﻿{"data":[{"GPOChanges":{"LocalAdmins":[],"RemoteDesktopUsers":[],"DcomUsers":[],"PSRemoteUsers":[],"AffectedComputers":[{"ObjectIdentifier":"S-1-5-21-1334311049-3276625038-2870192795-1000","ObjectType":"Computer"}]},"Properties":{"domain":"REDBLUE.LAB","name":"DOMAIN CONTROLLERS@REDBLUE.LAB","distinguishedname":"OU=DOMAIN CONTROLLERS,DC=REDBLUE,DC=LAB","domainsid":"S-1-5-21-1334311049-3276625038-2870192795","highvalue":false,"description":"Default container for domain controllers","whencreated":1750739780,"blocksinheritance":false},"Links":[{"IsEnforced":false,"GUID":"99DE0586-A7C8-4E45-923B-D6FCF449A0AE"}],"ChildObjects":[{"ObjectIdentifier":"S-1-5-21-1334311049-3276625038-2870192795-1000","ObjectType":"Computer"}],"Aces":[{"PrincipalSID":"S-1-5-21-1334311049-3276625038-2870192795-512","PrincipalType":"Group","RightName":"Owns","IsInherited":false},{"PrincipalSID":"S-1-5-21-1334311049-3276625038-2870192795-512","PrincipalType":"Group","RightName":"WriteDacl","IsInherited":false},{"PrincipalSID":"S-1-5-21-1334311049-3276625038-2870192795-512","PrincipalType":"Group","RightName":"WriteOwner","IsInherited":false},{"PrincipalSID":"S-1-5-21-1334311049-3276625038-2870192795-519","PrincipalType":"Group","RightName":"GenericAll","IsInherited":true},{"PrincipalSID":"REDBLUE.LAB-S-1-5-32-544","PrincipalType":"Group","RightName":"WriteDacl","IsInherited":true},{"PrincipalSID":"REDBLUE.LAB-S-1-5-32-544","PrincipalType":"Group","RightName":"WriteOwner","IsInherited":true}],"ObjectIdentifier":"ABA709C0-409E-49B3-ADE7-8ACC006F5C80","IsDeleted":false,"IsACLProtected":false}],"meta":{"methods":29695,"type":"ous","count":1,"version":5}}