﻿{"data":[{"GPOChanges":{"LocalAdmins":[],"RemoteDesktopUsers":[],"DcomUsers":[],"PSRemoteUsers":[],"AffectedComputers":[{"ObjectIdentifier":"S-1-5-21-1334311049-3276625038-2870192795-1000","ObjectType":"Computer"},{"ObjectIdentifier":"S-1-5-21-1334311049-3276625038-2870192795-1103","ObjectType":"Computer"}]},"Properties":{"domain":"REDBLUE.LAB","name":"REDBLUE.LAB","distinguishedname":"DC=REDBLUE,DC=LAB","domainsid":"S-1-5-21-1334311049-3276625038-2870192795","highvalue":true,"description":null,"whencreated":1750739768,"functionallevel":"2016"},"ChildObjects":[{"ObjectIdentifier":"ECE2B08A-7AB8-4FB6-B97E-E349662B4DE3","ObjectType":"Container"},{"ObjectIdentifier":"ABA709C0-409E-49B3-ADE7-8ACC006F5C80","ObjectType":"OU"},{"ObjectIdentifier":"598EA788-B180-4438-B535-A7C3B51D3A96","ObjectType":"Container"},{"ObjectIdentifier":"3471265E-8AFC-4F62-9F17-EC984C66536D","ObjectType":"Container"},{"ObjectIdentifier":"5BBA19C4-59E4-4F56-8F0F-73A33828F6AB","ObjectType":"Container"},{"ObjectIdentifier":"12F0D2CA-9ECC-47F8-8CE8-F07424261F20","ObjectType":"Container"}],"Trusts":[],"Links":[{"IsEnforced":false,"GUID":"94CA423C-9E98-4FE8-9D9E-FB0F85C5D304"}],"Aces":[{"PrincipalSID":"REDBLUE.LAB-S-1-5-32-544","PrincipalType":"Group","RightName":"Owns","IsInherited":false},{"PrincipalSID":"REDBLUE.LAB-S-1-5-32-544","PrincipalType":"Group","RightName":"WriteDacl","IsInherited":false},{"PrincipalSID":"REDBLUE.LAB-S-1-5-32-544","PrincipalType":"Group","RightName":"WriteOwner","IsInherited":false},{"PrincipalSID":"REDBLUE.LAB-S-1-5-32-544","PrincipalType":"Group","RightName":"AllExtendedRights","IsInherited":false},{"PrincipalSID":"S-1-5-21-1334311049-3276625038-2870192795-512","PrincipalType":"Group","RightName":"WriteDacl","IsInherited":false},{"PrincipalSID":"S-1-5-21-1334311049-3276625038-2870192795-512","PrincipalType":"Group","RightName":"WriteOwner","IsInherited":false},{"PrincipalSID":"S-1-5-21-1334311049-3276625038-2870192795-512","PrincipalType":"Group","RightName":"AllExtendedRights","IsInherited":false},{"PrincipalSID":"S-1-5-21-1334311049-3276625038-2870192795-519","PrincipalType":"Group","RightName":"GenericAll","IsInherited":false},{"PrincipalSID":"REDBLUE.LAB-S-1-5-9","PrincipalType":"Group","RightName":"GetChanges","IsInherited":false},{"PrincipalSID":"REDBLUE.LAB-S-1-5-9","PrincipalType":"Group","RightName":"GetChangesInFilteredSet","IsInherited":false},{"PrincipalSID":"REDBLUE.LAB-S-1-5-32-544","PrincipalType":"Group","RightName":"GetChangesAll","IsInherited":false},{"PrincipalSID":"REDBLUE.LAB-S-1-5-32-544","PrincipalType":"Group","RightName":"GetChanges","IsInherited":false},{"PrincipalSID":"REDBLUE.LAB-S-1-5-32-544","PrincipalType":"Group","RightName":"GetChangesInFilteredSet","IsInherited":false},{"PrincipalSID":"S-1-5-21-1334311049-3276625038-2870192795-498","PrincipalType":"Group","RightName":"GetChanges","IsInherited":false},{"PrincipalSID":"S-1-5-21-1334311049-3276625038-2870192795-516","PrincipalType":"Group","RightName":"GetChangesAll","IsInherited":false}],"ObjectIdentifier":"S-1-5-21-1334311049-3276625038-2870192795","IsDeleted":false,"IsACLProtected":false}],"meta":{"methods":29695,"type":"domains","count":1,"version":5}}