﻿{"data":[{"Properties":{"domain":"REDBLUE.LAB","name":"ADMINSDHOLDER@REDBLUE.LAB","distinguishedname":"CN=ADMINSDHOLDER,CN=SYSTEM,DC=REDBLUE,DC=LAB","domainsid":"S-1-5-21-1334311049-3276625038-2870192795","highvalue":false},"ChildObjects":[],"Aces":[{"PrincipalSID":"S-1-5-21-1334311049-3276625038-2870192795-512","PrincipalType":"Group","RightName":"Owns","IsInherited":false},{"PrincipalSID":"REDBLUE.LAB-S-1-5-32-544","PrincipalType":"Group","RightName":"WriteDacl","IsInherited":false},{"PrincipalSID":"REDBLUE.LAB-S-1-5-32-544","PrincipalType":"Group","RightName":"WriteOwner","IsInherited":false},{"PrincipalSID":"S-1-5-21-1334311049-3276625038-2870192795-512","PrincipalType":"Group","RightName":"WriteDacl","IsInherited":false},{"PrincipalSID":"S-1-5-21-1334311049-3276625038-2870192795-512","PrincipalType":"Group","RightName":"WriteOwner","IsInherited":false},{"PrincipalSID":"S-1-5-21-1334311049-3276625038-2870192795-519","PrincipalType":"Group","RightName":"WriteDacl","IsInherited":false},{"PrincipalSID":"S-1-5-21-1334311049-3276625038-2870192795-519","PrincipalType":"Group","RightName":"WriteOwner","IsInherited":false}],"ObjectIdentifier":"C3FDD4AF-6017-4D69-AF39-8951344F71CC","IsDeleted":false,"IsACLProtected":true},{"Properties":{"domain":"REDBLUE.LAB","name":"WMIPOLICY@REDBLUE.LAB","distinguishedname":"CN=WMIPOLICY,CN=SYSTEM,DC=REDBLUE,DC=LAB","domainsid":"S-1-5-21-1334311049-3276625038-2870192795","highvalue":false},"ChildObjects":[],"Aces":[{"PrincipalSID":"S-1-5-21-1334311049-3276625038-2870192795-512","PrincipalType":"Group","RightName":"Owns","IsInherited":false},{"PrincipalSID":"S-1-5-21-1334311049-3276625038-2870192795-512","PrincipalType":"Group","RightName":"GenericAll","IsInherited":false},{"PrincipalSID":"S-1-5-21-1334311049-3276625038-2870192795-519","PrincipalType":"Group","RightName":"GenericAll","IsInherited":false}],"ObjectIdentifier":"311F4C9D-56FF-4795-B80A-E8BAFAC4571A","IsDeleted":false,"IsACLProtected":true},{"Properties":{"domain":"REDBLUE.LAB","name":"WMIGPO@REDBLUE.LAB","distinguishedname":"CN=WMIGPO,CN=WMIPOLICY,CN=SYSTEM,DC=REDBLUE,DC=LAB","domainsid":"S-1-5-21-1334311049-3276625038-2870192795","highvalue":false},"ChildObjects":[],"Aces":[{"PrincipalSID":"S-1-5-21-1334311049-3276625038-2870192795-512","PrincipalType":"Group","RightName":"Owns","IsInherited":false},{"PrincipalSID":"S-1-5-21-1334311049-3276625038-2870192795-512","PrincipalType":"Group","RightName":"WriteDacl","IsInherited":false},{"PrincipalSID":"S-1-5-21-1334311049-3276625038-2870192795-512","PrincipalType":"Group","RightName":"WriteOwner","IsInherited":false},{"PrincipalSID":"S-1-5-21-1334311049-3276625038-2870192795-519","PrincipalType":"Group","RightName":"GenericAll","IsInherited":true},{"PrincipalSID":"S-1-5-21-1334311049-3276625038-2870192795-512","PrincipalType":"Group","RightName":"GenericAll","IsInherited":true}],"ObjectIdentifier":"332A2BC8-F184-485A-9BDE-D9B17C34A586","IsDeleted":false,"IsACLProtected":false},{"Properties":{"domain":"REDBLUE.LAB","name":"POLICYTYPE@REDBLUE.LAB","distinguishedname":"CN=POLICYTYPE,CN=WMIPOLICY,CN=SYSTEM,DC=REDBLUE,DC=LAB","domainsid":"S-1-5-21-1334311049-3276625038-2870192795","highvalue":false},"ChildObjects":[],"Aces":[{"PrincipalSID":"S-1-5-21-1334311049-3276625038-2870192795-512","PrincipalType":"Group","RightName":"Owns","IsInherited":false},{"PrincipalSID":"S-1-5-21-1334311049-3276625038-2870192795-512","PrincipalType":"Group","RightName":"WriteDacl","IsInherited":false},{"PrincipalSID":"S-1-5-21-1334311049-3276625038-2870192795-512","PrincipalType":"Group","RightName":"WriteOwner","IsInherited":false},{"PrincipalSID":"S-1-5-21-1334311049-3276625038-2870192795-519","PrincipalType":"Group","RightName":"GenericAll","IsInherited":true},{"PrincipalSID":"S-1-5-21-1334311049-3276625038-2870192795-512","PrincipalType":"Group","RightName":"GenericAll","IsInherited":true}],"ObjectIdentifier":"94A27D52-6BDE-4A4F-BF5B-0A1EEA9988DC","IsDeleted":false,"IsACLProtected":false},{"Properties":{"domain":"REDBLUE.LAB","name":"POLICYTEMPLATE@REDBLUE.LAB","distinguishedname":"CN=POLICYTEMPLATE,CN=WMIPOLICY,CN=SYSTEM,DC=REDBLUE,DC=LAB","domainsid":"S-1-5-21-1334311049-3276625038-2870192795","highvalue":false},"ChildObjects":[],"Aces":[{"PrincipalSID":"S-1-5-21-1334311049-3276625038-2870192795-512","PrincipalType":"Group","RightName":"Owns","IsInherited":false},{"PrincipalSID":"S-1-5-21-1334311049-3276625038-2870192795-512","PrincipalType":"Group","RightName":"WriteDacl","IsInherited":false},{"PrincipalSID":"S-1-5-21-1334311049-3276625038-2870192795-512","PrincipalType":"Group","RightName":"WriteOwner","IsInherited":false},{"PrincipalSID":"S-1-5-21-1334311049-3276625038-2870192795-519","PrincipalType":"Group","RightName":"GenericAll","IsInherited":true},{"PrincipalSID":"S-1-5-21-1334311049-3276625038-2870192795-512","PrincipalType":"Group","RightName":"GenericAll","IsInherited":true}],"ObjectIdentifier":"7072DEB9-82B4-409E-8002-93406C92730B","IsDeleted":false,"IsACLProtected":false},{"Properties":{"domain":"REDBLUE.LAB","name":"SOM@REDBLUE.LAB","distinguishedname":"CN=SOM,CN=WMIPOLICY,CN=SYSTEM,DC=REDBLUE,DC=LAB","domainsid":"S-1-5-21-1334311049-3276625038-2870192795","highvalue":false},"ChildObjects":[],"Aces":[{"PrincipalSID":"S-1-5-21-1334311049-3276625038-2870192795-512","PrincipalType":"Group","RightName":"Owns","IsInherited":false},{"PrincipalSID":"S-1-5-21-1334311049-3276625038-2870192795-512","PrincipalType":"Group","RightName":"GenericAll","IsInherited":false},{"PrincipalSID":"S-1-5-21-1334311049-3276625038-2870192795-519","PrincipalType":"Group","RightName":"GenericAll","IsInherited":false}],"ObjectIdentifier":"D81B9777-D90B-4D28-BFF0-74EEB65CBF53","IsDeleted":false,"IsACLProtected":true},{"Properties":{"domain":"REDBLUE.LAB","name":"COMPARTITIONSETS@REDBLUE.LAB","distinguishedname":"CN=COMPARTITIONSETS,CN=SYSTEM,DC=REDBLUE,DC=LAB","domainsid":"S-1-5-21-1334311049-3276625038-2870192795","highvalue":false},"ChildObjects":[],"Aces":[{"PrincipalSID":"S-1-5-21-1334311049-3276625038-2870192795-512","PrincipalType":"Group","RightName":"Owns","IsInherited":false},{"PrincipalSID":"S-1-5-21-1334311049-3276625038-2870192795-512","PrincipalType":"Group","RightName":"WriteDacl","IsInherited":false},{"PrincipalSID":"S-1-5-21-1334311049-3276625038-2870192795-512","PrincipalType":"Group","RightName":"WriteOwner","IsInherited":false},{"PrincipalSID":"S-1-5-21-1334311049-3276625038-2870192795-519","PrincipalType":"Group","RightName":"GenericAll","IsInherited":true},{"PrincipalSID":"REDBLUE.LAB-S-1-5-32-544","PrincipalType":"Group","RightName":"WriteDacl","IsInherited":true},{"PrincipalSID":"REDBLUE.LAB-S-1-5-32-544","PrincipalType":"Group","RightName":"WriteOwner","IsInherited":true}],"ObjectIdentifier":"9F933C9D-FCB2-4ED9-BE41-6B00A6C4B269","IsDeleted":false,"IsACLProtected":false},{"Properties":{"domain":"REDBLUE.LAB","name":"COMPARTITIONS@REDBLUE.LAB","distinguishedname":"CN=COMPARTITIONS,CN=SYSTEM,DC=REDBLUE,DC=LAB","domainsid":"S-1-5-21-1334311049-3276625038-2870192795","highvalue":false},"ChildObjects":[],"Aces":[{"PrincipalSID":"S-1-5-21-1334311049-3276625038-2870192795-512","PrincipalType":"Group","RightName":"Owns","IsInherited":false},{"PrincipalSID":"S-1-5-21-1334311049-3276625038-2870192795-512","PrincipalType":"Group","RightName":"WriteDacl","IsInherited":false},{"PrincipalSID":"S-1-5-21-1334311049-3276625038-2870192795-512","PrincipalType":"Group","RightName":"WriteOwner","IsInherited":false},{"PrincipalSID":"S-1-5-21-1334311049-3276625038-2870192795-519","PrincipalType":"Group","RightName":"GenericAll","IsInherited":true},{"PrincipalSID":"REDBLUE.LAB-S-1-5-32-544","PrincipalType":"Group","RightName":"WriteDacl","IsInherited":true},{"PrincipalSID":"REDBLUE.LAB-S-1-5-32-544","PrincipalType":"Group","RightName":"WriteOwner","IsInherited":true}],"ObjectIdentifier":"E98A34A8-BDB6-42E6-8799-E8B3E30237A6","IsDeleted":false,"IsACLProtected":false},{"Properties":{"domain":"REDBLUE.LAB","name":"FOREIGNSECURITYPRINCIPALS@REDBLUE.LAB","distinguishedname":"CN=FOREIGNSECURITYPRINCIPALS,DC=REDBLUE,DC=LAB","domainsid":"S-1-5-21-1334311049-3276625038-2870192795","highvalue":false},"ChildObjects":[],"Aces":[{"PrincipalSID":"S-1-5-21-1334311049-3276625038-2870192795-512","PrincipalType":"Group","RightName":"Owns","IsInherited":false},{"PrincipalSID":"S-1-5-21-1334311049-3276625038-2870192795-512","PrincipalType":"Group","RightName":"GenericAll","IsInherited":false},{"PrincipalSID":"S-1-5-21-1334311049-3276625038-2870192795-519","PrincipalType":"Group","RightName":"GenericAll","IsInherited":true},{"PrincipalSID":"REDBLUE.LAB-S-1-5-32-544","PrincipalType":"Group","RightName":"WriteDacl","IsInherited":true},{"PrincipalSID":"REDBLUE.LAB-S-1-5-32-544","PrincipalType":"Group","RightName":"WriteOwner","IsInherited":true}],"ObjectIdentifier":"598EA788-B180-4438-B535-A7C3B51D3A96","IsDeleted":false,"IsACLProtected":false},{"Properties":{"domain":"REDBLUE.LAB","name":"PROGRAM DATA@REDBLUE.LAB","distinguishedname":"CN=PROGRAM DATA,DC=REDBLUE,DC=LAB","domainsid":"S-1-5-21-1334311049-3276625038-2870192795","highvalue":false},"ChildObjects":[],"Aces":[{"PrincipalSID":"S-1-5-21-1334311049-3276625038-2870192795-512","PrincipalType":"Group","RightName":"Owns","IsInherited":false},{"PrincipalSID":"S-1-5-21-1334311049-3276625038-2870192795-512","PrincipalType":"Group","RightName":"GenericAll","IsInherited":false},{"PrincipalSID":"S-1-5-21-1334311049-3276625038-2870192795-519","PrincipalType":"Group","RightName":"GenericAll","IsInherited":true},{"PrincipalSID":"REDBLUE.LAB-S-1-5-32-544","PrincipalType":"Group","RightName":"WriteDacl","IsInherited":true},{"PrincipalSID":"REDBLUE.LAB-S-1-5-32-544","PrincipalType":"Group","RightName":"WriteOwner","IsInherited":true}],"ObjectIdentifier":"4A0D6098-787D-4829-B59C-22698E696B1A","IsDeleted":false,"IsACLProtected":false},{"Properties":{"domain":"REDBLUE.LAB","name":"MICROSOFT@REDBLUE.LAB","distinguishedname":"CN=MICROSOFT,CN=PROGRAM DATA,DC=REDBLUE,DC=LAB","domainsid":"S-1-5-21-1334311049-3276625038-2870192795","highvalue":false},"ChildObjects":[],"Aces":[{"PrincipalSID":"S-1-5-21-1334311049-3276625038-2870192795-512","PrincipalType":"Group","RightName":"Owns","IsInherited":false},{"PrincipalSID":"S-1-5-21-1334311049-3276625038-2870192795-512","PrincipalType":"Group","RightName":"GenericAll","IsInherited":false},{"PrincipalSID":"S-1-5-21-1334311049-3276625038-2870192795-519","PrincipalType":"Group","RightName":"GenericAll","IsInherited":true},{"PrincipalSID":"REDBLUE.LAB-S-1-5-32-544","PrincipalType":"Group","RightName":"WriteDacl","IsInherited":true},{"PrincipalSID":"REDBLUE.LAB-S-1-5-32-544","PrincipalType":"Group","RightName":"WriteOwner","IsInherited":true}],"ObjectIdentifier":"B5FA5518-EFA8-4C0B-8E22-E117BD8F3F6D","IsDeleted":false,"IsACLProtected":false},{"Properties":{"domain":"REDBLUE.LAB","name":"MANAGED SERVICE ACCOUNTS@REDBLUE.LAB","distinguishedname":"CN=MANAGED SERVICE ACCOUNTS,DC=REDBLUE,DC=LAB","domainsid":"S-1-5-21-1334311049-3276625038-2870192795","highvalue":false},"ChildObjects":[],"Aces":[{"PrincipalSID":"S-1-5-21-1334311049-3276625038-2870192795-512","PrincipalType":"Group","RightName":"Owns","IsInherited":false},{"PrincipalSID":"S-1-5-21-1334311049-3276625038-2870192795-512","PrincipalType":"Group","RightName":"WriteDacl","IsInherited":false},{"PrincipalSID":"S-1-5-21-1334311049-3276625038-2870192795-512","PrincipalType":"Group","RightName":"WriteOwner","IsInherited":false},{"PrincipalSID":"S-1-5-21-1334311049-3276625038-2870192795-519","PrincipalType":"Group","RightName":"GenericAll","IsInherited":true},{"PrincipalSID":"REDBLUE.LAB-S-1-5-32-544","PrincipalType":"Group","RightName":"WriteDacl","IsInherited":true},{"PrincipalSID":"REDBLUE.LAB-S-1-5-32-544","PrincipalType":"Group","RightName":"WriteOwner","IsInherited":true}],"ObjectIdentifier":"5BBA19C4-59E4-4F56-8F0F-73A33828F6AB","IsDeleted":false,"IsACLProtected":false},{"Properties":{"domain":"REDBLUE.LAB","name":"KEYS@REDBLUE.LAB","distinguishedname":"CN=KEYS,DC=REDBLUE,DC=LAB","domainsid":"S-1-5-21-1334311049-3276625038-2870192795","highvalue":false},"ChildObjects":[],"Aces":[{"PrincipalSID":"S-1-5-21-1334311049-3276625038-2870192795-512","PrincipalType":"Group","RightName":"Owns","IsInherited":false},{"PrincipalSID":"REDBLUE.LAB-S-1-5-9","PrincipalType":"Group","RightName":"GenericAll","IsInherited":false},{"PrincipalSID":"S-1-5-21-1334311049-3276625038-2870192795-512","PrincipalType":"Group","RightName":"GenericAll","IsInherited":false},{"PrincipalSID":"S-1-5-21-1334311049-3276625038-2870192795-516","PrincipalType":"Group","RightName":"GenericAll","IsInherited":false},{"PrincipalSID":"S-1-5-21-1334311049-3276625038-2870192795-519","PrincipalType":"Group","RightName":"GenericAll","IsInherited":false},{"PrincipalSID":"S-1-5-21-1334311049-3276625038-2870192795-526","PrincipalType":"Group","RightName":"GenericAll","IsInherited":false},{"PrincipalSID":"S-1-5-21-1334311049-3276625038-2870192795-527","PrincipalType":"Group","RightName":"GenericAll","IsInherited":false}],"ObjectIdentifier":"3471265E-8AFC-4F62-9F17-EC984C66536D","IsDeleted":false,"IsACLProtected":true},{"Properties":{"domain":"REDBLUE.LAB","name":"WINSOCKSERVICES@REDBLUE.LAB","distinguishedname":"CN=WINSOCKSERVICES,CN=SYSTEM,DC=REDBLUE,DC=LAB","domainsid":"S-1-5-21-1334311049-3276625038-2870192795","highvalue":false},"ChildObjects":[],"Aces":[{"PrincipalSID":"S-1-5-21-1334311049-3276625038-2870192795-512","PrincipalType":"Group","RightName":"Owns","IsInherited":false},{"PrincipalSID":"S-1-5-21-1334311049-3276625038-2870192795-512","PrincipalType":"Group","RightName":"WriteDacl","IsInherited":false},{"PrincipalSID":"S-1-5-21-1334311049-3276625038-2870192795-512","PrincipalType":"Group","RightName":"WriteOwner","IsInherited":false},{"PrincipalSID":"S-1-5-21-1334311049-3276625038-2870192795-519","PrincipalType":"Group","RightName":"GenericAll","IsInherited":true},{"PrincipalSID":"REDBLUE.LAB-S-1-5-32-544","PrincipalType":"Group","RightName":"WriteDacl","IsInherited":true},{"PrincipalSID":"REDBLUE.LAB-S-1-5-32-544","PrincipalType":"Group","RightName":"WriteOwner","IsInherited":true}],"ObjectIdentifier":"A58394FE-DD01-41D6-B2DF-B5AA0ED6CA5E","IsDeleted":false,"IsACLProtected":false},{"Properties":{"domain":"REDBLUE.LAB","name":"RAS AND IAS SERVERS ACCESS CHECK@REDBLUE.LAB","distinguishedname":"CN=RAS AND IAS SERVERS ACCESS CHECK,CN=SYSTEM,DC=REDBLUE,DC=LAB","domainsid":"S-1-5-21-1334311049-3276625038-2870192795","highvalue":false},"ChildObjects":[],"Aces":[{"PrincipalSID":"S-1-5-21-1334311049-3276625038-2870192795-512","PrincipalType":"Group","RightName":"Owns","IsInherited":false},{"PrincipalSID":"S-1-5-21-1334311049-3276625038-2870192795-553","PrincipalType":"Group","RightName":"WriteDacl","IsInherited":false},{"PrincipalSID":"S-1-5-21-1334311049-3276625038-2870192795-553","PrincipalType":"Group","RightName":"WriteOwner","IsInherited":false},{"PrincipalSID":"S-1-5-21-1334311049-3276625038-2870192795-519","PrincipalType":"Group","RightName":"GenericAll","IsInherited":true},{"PrincipalSID":"REDBLUE.LAB-S-1-5-32-544","PrincipalType":"Group","RightName":"WriteDacl","IsInherited":true},{"PrincipalSID":"REDBLUE.LAB-S-1-5-32-544","PrincipalType":"Group","RightName":"WriteOwner","IsInherited":true}],"ObjectIdentifier":"C8821958-2983-40D0-B67A-086194433AA2","IsDeleted":false,"IsACLProtected":false},{"Properties":{"domain":"REDBLUE.LAB","name":"RPCSERVICES@REDBLUE.LAB","distinguishedname":"CN=RPCSERVICES,CN=SYSTEM,DC=REDBLUE,DC=LAB","domainsid":"S-1-5-21-1334311049-3276625038-2870192795","highvalue":false},"ChildObjects":[],"Aces":[{"PrincipalSID":"S-1-5-21-1334311049-3276625038-2870192795-512","PrincipalType":"Group","RightName":"Owns","IsInherited":false},{"PrincipalSID":"S-1-5-21-1334311049-3276625038-2870192795-512","PrincipalType":"Group","RightName":"WriteDacl","IsInherited":false},{"PrincipalSID":"S-1-5-21-1334311049-3276625038-2870192795-512","PrincipalType":"Group","RightName":"WriteOwner","IsInherited":false},{"PrincipalSID":"S-1-5-21-1334311049-3276625038-2870192795-519","PrincipalType":"Group","RightName":"GenericAll","IsInherited":true},{"PrincipalSID":"REDBLUE.LAB-S-1-5-32-544","PrincipalType":"Group","RightName":"WriteDacl","IsInherited":true},{"PrincipalSID":"REDBLUE.LAB-S-1-5-32-544","PrincipalType":"Group","RightName":"WriteOwner","IsInherited":true}],"ObjectIdentifier":"96C6F0FE-5028-4A17-9D49-20B7650D99B1","IsDeleted":false,"IsACLProtected":false},{"Properties":{"domain":"REDBLUE.LAB","name":"POLICIES@REDBLUE.LAB","distinguishedname":"CN=POLICIES,CN=SYSTEM,DC=REDBLUE,DC=LAB","domainsid":"S-1-5-21-1334311049-3276625038-2870192795","highvalue":false},"ChildObjects":[],"Aces":[{"PrincipalSID":"S-1-5-21-1334311049-3276625038-2870192795-512","PrincipalType":"Group","RightName":"Owns","IsInherited":false},{"PrincipalSID":"S-1-5-21-1334311049-3276625038-2870192795-512","PrincipalType":"Group","RightName":"WriteDacl","IsInherited":false},{"PrincipalSID":"S-1-5-21-1334311049-3276625038-2870192795-512","PrincipalType":"Group","RightName":"WriteOwner","IsInherited":false},{"PrincipalSID":"S-1-5-21-1334311049-3276625038-2870192795-519","PrincipalType":"Group","RightName":"GenericAll","IsInherited":true},{"PrincipalSID":"REDBLUE.LAB-S-1-5-32-544","PrincipalType":"Group","RightName":"WriteDacl","IsInherited":true},{"PrincipalSID":"REDBLUE.LAB-S-1-5-32-544","PrincipalType":"Group","RightName":"WriteOwner","IsInherited":true}],"ObjectIdentifier":"ECDBA158-85D1-4392-B06D-D7C7695F754B","IsDeleted":false,"IsACLProtected":false},{"Properties":{"domain":"REDBLUE.LAB","name":"PSPS@REDBLUE.LAB","distinguishedname":"CN=PSPS,CN=SYSTEM,DC=REDBLUE,DC=LAB","domainsid":"S-1-5-21-1334311049-3276625038-2870192795","highvalue":false},"ChildObjects":[],"Aces":[{"PrincipalSID":"S-1-5-21-1334311049-3276625038-2870192795-512","PrincipalType":"Group","RightName":"Owns","IsInherited":false},{"PrincipalSID":"S-1-5-21-1334311049-3276625038-2870192795-512","PrincipalType":"Group","RightName":"GenericAll","IsInherited":false},{"PrincipalSID":"S-1-5-21-1334311049-3276625038-2870192795-519","PrincipalType":"Group","RightName":"GenericAll","IsInherited":true},{"PrincipalSID":"REDBLUE.LAB-S-1-5-32-544","PrincipalType":"Group","RightName":"WriteDacl","IsInherited":true},{"PrincipalSID":"REDBLUE.LAB-S-1-5-32-544","PrincipalType":"Group","RightName":"WriteOwner","IsInherited":true}],"ObjectIdentifier":"98F07A70-39A4-43A6-9E86-106877CE3DF3","IsDeleted":false,"IsACLProtected":false},{"Properties":{"domain":"REDBLUE.LAB","name":"COMPUTERS@REDBLUE.LAB","distinguishedname":"CN=COMPUTERS,DC=REDBLUE,DC=LAB","domainsid":"S-1-5-21-1334311049-3276625038-2870192795","highvalue":false},"ChildObjects":[{"ObjectIdentifier":"S-1-5-21-1334311049-3276625038-2870192795-1103","ObjectType":"Computer"}],"Aces":[{"PrincipalSID":"S-1-5-21-1334311049-3276625038-2870192795-512","PrincipalType":"Group","RightName":"Owns","IsInherited":false},{"PrincipalSID":"S-1-5-21-1334311049-3276625038-2870192795-512","PrincipalType":"Group","RightName":"WriteDacl","IsInherited":false},{"PrincipalSID":"S-1-5-21-1334311049-3276625038-2870192795-512","PrincipalType":"Group","RightName":"WriteOwner","IsInherited":false},{"PrincipalSID":"S-1-5-21-1334311049-3276625038-2870192795-519","PrincipalType":"Group","RightName":"GenericAll","IsInherited":true},{"PrincipalSID":"REDBLUE.LAB-S-1-5-32-544","PrincipalType":"Group","RightName":"WriteDacl","IsInherited":true},{"PrincipalSID":"REDBLUE.LAB-S-1-5-32-544","PrincipalType":"Group","RightName":"WriteOwner","IsInherited":true}],"ObjectIdentifier":"ECE2B08A-7AB8-4FB6-B97E-E349662B4DE3","IsDeleted":false,"IsACLProtected":false},{"Properties":{"domain":"REDBLUE.LAB","name":"IP SECURITY@REDBLUE.LAB","distinguishedname":"CN=IP SECURITY,CN=SYSTEM,DC=REDBLUE,DC=LAB","domainsid":"S-1-5-21-1334311049-3276625038-2870192795","highvalue":false},"ChildObjects":[],"Aces":[{"PrincipalSID":"S-1-5-21-1334311049-3276625038-2870192795-512","PrincipalType":"Group","RightName":"Owns","IsInherited":false},{"PrincipalSID":"S-1-5-21-1334311049-3276625038-2870192795-512","PrincipalType":"Group","RightName":"WriteDacl","IsInherited":false},{"PrincipalSID":"S-1-5-21-1334311049-3276625038-2870192795-512","PrincipalType":"Group","RightName":"WriteOwner","IsInherited":false},{"PrincipalSID":"S-1-5-21-1334311049-3276625038-2870192795-519","PrincipalType":"Group","RightName":"GenericAll","IsInherited":true},{"PrincipalSID":"REDBLUE.LAB-S-1-5-32-544","PrincipalType":"Group","RightName":"WriteDacl","IsInherited":true},{"PrincipalSID":"REDBLUE.LAB-S-1-5-32-544","PrincipalType":"Group","RightName":"WriteOwner","IsInherited":true}],"ObjectIdentifier":"540A9FA4-7677-4B3D-ABAE-02DEE88FBCDD","IsDeleted":false,"IsACLProtected":false},{"Properties":{"domain":"REDBLUE.LAB","name":"SYSTEM@REDBLUE.LAB","distinguishedname":"CN=SYSTEM,DC=REDBLUE,DC=LAB","domainsid":"S-1-5-21-1334311049-3276625038-2870192795","highvalue":false},"ChildObjects":[],"Aces":[{"PrincipalSID":"S-1-5-21-1334311049-3276625038-2870192795-512","PrincipalType":"Group","RightName":"Owns","IsInherited":false},{"PrincipalSID":"S-1-5-21-1334311049-3276625038-2870192795-512","PrincipalType":"Group","RightName":"WriteDacl","IsInherited":false},{"PrincipalSID":"S-1-5-21-1334311049-3276625038-2870192795-512","PrincipalType":"Group","RightName":"WriteOwner","IsInherited":false},{"PrincipalSID":"S-1-5-21-1334311049-3276625038-2870192795-519","PrincipalType":"Group","RightName":"GenericAll","IsInherited":true},{"PrincipalSID":"REDBLUE.LAB-S-1-5-32-544","PrincipalType":"Group","RightName":"WriteDacl","IsInherited":true},{"PrincipalSID":"REDBLUE.LAB-S-1-5-32-544","PrincipalType":"Group","RightName":"WriteOwner","IsInherited":true}],"ObjectIdentifier":"DA9D4A93-A984-4031-B850-FCE4136F6C66","IsDeleted":false,"IsACLProtected":false},{"Properties":{"domain":"REDBLUE.LAB","name":"USERS@REDBLUE.LAB","distinguishedname":"CN=USERS,DC=REDBLUE,DC=LAB","domainsid":"S-1-5-21-1334311049-3276625038-2870192795","highvalue":false},"ChildObjects":[{"ObjectIdentifier":"S-1-5-21-1334311049-3276625038-2870192795-500","ObjectType":"User"},{"ObjectIdentifier":"S-1-5-21-1334311049-3276625038-2870192795-571","ObjectType":"Group"},{"ObjectIdentifier":"S-1-5-21-1334311049-3276625038-2870192795-517","ObjectType":"Group"},{"ObjectIdentifier":"S-1-5-21-1334311049-3276625038-2870192795-522","ObjectType":"Group"},{"ObjectIdentifier":"S-1-5-21-1334311049-3276625038-2870192795-572","ObjectType":"Group"},{"ObjectIdentifier":"S-1-5-21-1334311049-3276625038-2870192795-1101","ObjectType":"Group"},{"ObjectIdentifier":"S-1-5-21-1334311049-3276625038-2870192795-1102","ObjectType":"Group"},{"ObjectIdentifier":"S-1-5-21-1334311049-3276625038-2870192795-512","ObjectType":"Group"},{"ObjectIdentifier":"S-1-5-21-1334311049-3276625038-2870192795-515","ObjectType":"Group"},{"ObjectIdentifier":"S-1-5-21-1334311049-3276625038-2870192795-516","ObjectType":"Group"},{"ObjectIdentifier":"S-1-5-21-1334311049-3276625038-2870192795-514","ObjectType":"Group"},{"ObjectIdentifier":"S-1-5-21-1334311049-3276625038-2870192795-513","ObjectType":"Group"},{"ObjectIdentifier":"S-1-5-21-1334311049-3276625038-2870192795-519","ObjectType":"Group"},{"ObjectIdentifier":"S-1-5-21-1334311049-3276625038-2870192795-527","ObjectType":"Group"},{"ObjectIdentifier":"S-1-5-21-1334311049-3276625038-2870192795-498","ObjectType":"Group"},{"ObjectIdentifier":"S-1-5-21-1334311049-3276625038-2870192795-520","ObjectType":"Group"},{"ObjectIdentifier":"S-1-5-21-1334311049-3276625038-2870192795-501","ObjectType":"User"},{"ObjectIdentifier":"S-1-5-21-1334311049-3276625038-2870192795-526","ObjectType":"Group"},{"ObjectIdentifier":"S-1-5-21-1334311049-3276625038-2870192795-502","ObjectType":"User"},{"ObjectIdentifier":"S-1-5-21-1334311049-3276625038-2870192795-525","ObjectType":"Group"},{"ObjectIdentifier":"S-1-5-21-1334311049-3276625038-2870192795-553","ObjectType":"Group"},{"ObjectIdentifier":"S-1-5-21-1334311049-3276625038-2870192795-521","ObjectType":"Group"},{"ObjectIdentifier":"S-1-5-21-1334311049-3276625038-2870192795-518","ObjectType":"Group"}],"Aces":[{"PrincipalSID":"S-1-5-21-1334311049-3276625038-2870192795-512","PrincipalType":"Group","RightName":"Owns","IsInherited":false},{"PrincipalSID":"S-1-5-21-1334311049-3276625038-2870192795-512","PrincipalType":"Group","RightName":"WriteDacl","IsInherited":false},{"PrincipalSID":"S-1-5-21-1334311049-3276625038-2870192795-512","PrincipalType":"Group","RightName":"WriteOwner","IsInherited":false},{"PrincipalSID":"S-1-5-21-1334311049-3276625038-2870192795-519","PrincipalType":"Group","RightName":"GenericAll","IsInherited":true},{"PrincipalSID":"REDBLUE.LAB-S-1-5-32-544","PrincipalType":"Group","RightName":"WriteDacl","IsInherited":true},{"PrincipalSID":"REDBLUE.LAB-S-1-5-32-544","PrincipalType":"Group","RightName":"WriteOwner","IsInherited":true}],"ObjectIdentifier":"12F0D2CA-9ECC-47F8-8CE8-F07424261F20","IsDeleted":false,"IsACLProtected":false},{"Properties":{"domain":"REDBLUE.LAB","name":"MICROSOFTDNS@REDBLUE.LAB","distinguishedname":"CN=MICROSOFTDNS,CN=SYSTEM,DC=REDBLUE,DC=LAB","domainsid":"S-1-5-21-1334311049-3276625038-2870192795","highvalue":false},"ChildObjects":[],"Aces":[{"PrincipalSID":"REDBLUE.LAB-S-1-5-9","PrincipalType":"Group","RightName":"WriteDacl","IsInherited":false},{"PrincipalSID":"REDBLUE.LAB-S-1-5-9","PrincipalType":"Group","RightName":"WriteOwner","IsInherited":false},{"PrincipalSID":"S-1-5-21-1334311049-3276625038-2870192795-512","PrincipalType":"Group","RightName":"GenericAll","IsInherited":false},{"PrincipalSID":"S-1-5-21-1334311049-3276625038-2870192795-1101","PrincipalType":"Group","RightName":"WriteDacl","IsInherited":false},{"PrincipalSID":"S-1-5-21-1334311049-3276625038-2870192795-1101","PrincipalType":"Group","RightName":"WriteOwner","IsInherited":false},{"PrincipalSID":"S-1-5-21-1334311049-3276625038-2870192795-519","PrincipalType":"Group","RightName":"GenericAll","IsInherited":true},{"PrincipalSID":"REDBLUE.LAB-S-1-5-32-544","PrincipalType":"Group","RightName":"WriteDacl","IsInherited":true},{"PrincipalSID":"REDBLUE.LAB-S-1-5-32-544","PrincipalType":"Group","RightName":"WriteOwner","IsInherited":true}],"ObjectIdentifier":"5AA6D097-DC89-487E-AD44-26AD6409122C","IsDeleted":false,"IsACLProtected":false},{"Properties":{"domain":"REDBLUE.LAB","name":"MEETINGS@REDBLUE.LAB","distinguishedname":"CN=MEETINGS,CN=SYSTEM,DC=REDBLUE,DC=LAB","domainsid":"S-1-5-21-1334311049-3276625038-2870192795","highvalue":false},"ChildObjects":[],"Aces":[{"PrincipalSID":"S-1-5-21-1334311049-3276625038-2870192795-512","PrincipalType":"Group","RightName":"Owns","IsInherited":false},{"PrincipalSID":"S-1-5-21-1334311049-3276625038-2870192795-512","PrincipalType":"Group","RightName":"WriteDacl","IsInherited":false},{"PrincipalSID":"S-1-5-21-1334311049-3276625038-2870192795-512","PrincipalType":"Group","RightName":"WriteOwner","IsInherited":false},{"PrincipalSID":"S-1-5-21-1334311049-3276625038-2870192795-519","PrincipalType":"Group","RightName":"GenericAll","IsInherited":true},{"PrincipalSID":"REDBLUE.LAB-S-1-5-32-544","PrincipalType":"Group","RightName":"WriteDacl","IsInherited":true},{"PrincipalSID":"REDBLUE.LAB-S-1-5-32-544","PrincipalType":"Group","RightName":"WriteOwner","IsInherited":true}],"ObjectIdentifier":"C8ED5163-B76C-4B11-978F-A43E2443D8F7","IsDeleted":false,"IsACLProtected":false}],"meta":{"methods":29695,"type":"containers","count":24,"version":5}}