﻿{"data":[{"Properties":{"domain":"REDBLUE.LAB","name":"DEFAULT DOMAIN CONTROLLERS POLICY@REDBLUE.LAB","distinguishedname":"CN={6AC1786C-016F-11D2-945F-00C04FB984F9},CN=POLICIES,CN=SYSTEM,DC=REDBLUE,DC=LAB","domainsid":"S-1-5-21-1334311049-3276625038-2870192795","highvalue":false,"description":null,"whencreated":1750739779,"gpcpath":"\\\\REDBLUE.LAB\\SYSVOL\\REDBLUE.LAB\\POLICIES\\{6AC1786C-016F-11D2-945F-00C04FB984F9}"},"Aces":[{"PrincipalSID":"S-1-5-21-1334311049-3276625038-2870192795-512","PrincipalType":"Group","RightName":"Owns","IsInherited":false},{"PrincipalSID":"S-1-5-21-1334311049-3276625038-2870192795-512","PrincipalType":"Group","RightName":"WriteDacl","IsInherited":false},{"PrincipalSID":"S-1-5-21-1334311049-3276625038-2870192795-512","PrincipalType":"Group","RightName":"WriteOwner","IsInherited":false},{"PrincipalSID":"S-1-5-21-1334311049-3276625038-2870192795-512","PrincipalType":"Group","RightName":"GenericWrite","IsInherited":false},{"PrincipalSID":"S-1-5-21-1334311049-3276625038-2870192795-512","PrincipalType":"Group","RightName":"WriteDacl","IsInherited":false},{"PrincipalSID":"S-1-5-21-1334311049-3276625038-2870192795-512","PrincipalType":"Group","RightName":"WriteOwner","IsInherited":false},{"PrincipalSID":"S-1-5-21-1334311049-3276625038-2870192795-512","PrincipalType":"Group","RightName":"GenericWrite","IsInherited":false},{"PrincipalSID":"S-1-5-21-1334311049-3276625038-2870192795-519","PrincipalType":"Group","RightName":"WriteDacl","IsInherited":false},{"PrincipalSID":"S-1-5-21-1334311049-3276625038-2870192795-519","PrincipalType":"Group","RightName":"WriteOwner","IsInherited":false},{"PrincipalSID":"S-1-5-21-1334311049-3276625038-2870192795-519","PrincipalType":"Group","RightName":"GenericWrite","IsInherited":false}],"ObjectIdentifier":"99DE0586-A7C8-4E45-923B-D6FCF449A0AE","IsDeleted":false,"IsACLProtected":true},{"Properties":{"domain":"REDBLUE.LAB","name":"DEFAULT DOMAIN POLICY@REDBLUE.LAB","distinguishedname":"CN={31B2F340-016D-11D2-945F-00C04FB984F9},CN=POLICIES,CN=SYSTEM,DC=REDBLUE,DC=LAB","domainsid":"S-1-5-21-1334311049-3276625038-2870192795","highvalue":false,"description":null,"whencreated":1750739779,"gpcpath":"\\\\REDBLUE.LAB\\SYSVOL\\REDBLUE.LAB\\POLICIES\\{31B2F340-016D-11D2-945F-00C04FB984F9}"},"Aces":[{"PrincipalSID":"S-1-5-21-1334311049-3276625038-2870192795-512","PrincipalType":"Group","RightName":"Owns","IsInherited":false},{"PrincipalSID":"S-1-5-21-1334311049-3276625038-2870192795-512","PrincipalType":"Group","RightName":"WriteDacl","IsInherited":false},{"PrincipalSID":"S-1-5-21-1334311049-3276625038-2870192795-512","PrincipalType":"Group","RightName":"WriteOwner","IsInherited":false},{"PrincipalSID":"S-1-5-21-1334311049-3276625038-2870192795-512","PrincipalType":"Group","RightName":"GenericWrite","IsInherited":false},{"PrincipalSID":"S-1-5-21-1334311049-3276625038-2870192795-512","PrincipalType":"Group","RightName":"WriteDacl","IsInherited":false},{"PrincipalSID":"S-1-5-21-1334311049-3276625038-2870192795-512","PrincipalType":"Group","RightName":"WriteOwner","IsInherited":false},{"PrincipalSID":"S-1-5-21-1334311049-3276625038-2870192795-512","PrincipalType":"Group","RightName":"GenericWrite","IsInherited":false},{"PrincipalSID":"S-1-5-21-1334311049-3276625038-2870192795-519","PrincipalType":"Group","RightName":"WriteDacl","IsInherited":false},{"PrincipalSID":"S-1-5-21-1334311049-3276625038-2870192795-519","PrincipalType":"Group","RightName":"WriteOwner","IsInherited":false},{"PrincipalSID":"S-1-5-21-1334311049-3276625038-2870192795-519","PrincipalType":"Group","RightName":"GenericWrite","IsInherited":false}],"ObjectIdentifier":"94CA423C-9E98-4FE8-9D9E-FB0F85C5D304","IsDeleted":false,"IsACLProtected":true}],"meta":{"methods":29695,"type":"gpos","count":2,"version":5}}